alvalade,https://supercasa.pt/comprar-casas/lisboa/alvalade
penha de franca,https://supercasa.pt/comprar-casas/lisboa/penha-de-franca
lumiar,https://supercasa.pt/comprar-casas/lisboa/lumiar
sao domingos de benfica,https://supercasa.pt/comprar-casas/lisboa/sao-domingos-de-benfica
benfica,https://supercasa.pt/comprar-casas/lisboa/benfica
carnide,https://supercasa.pt/comprar-casas/lisboa/carnide
santa clara,https://supercasa.pt/comprar-casas/lisboa/santa-clara
olivais,https://supercasa.pt/comprar-casas/lisboa/olivais
parque das nações,https://supercasa.pt/comprar-casas/lisboa/parque-das-nacoes
marvila,https://supercasa.pt/comprar-casas/lisboa/marvila
campolide,https://supercasa.pt/comprar-casas/lisboa/campolide
arreiro,https://supercasa.pt/comprar-casas/lisboa/areeiro
avenidas novas,https://supercasa.pt/comprar-casas/lisboa/avenidas-novas
beato,https://supercasa.pt/comprar-casas/lisboa/beato
arroios,https://supercasa.pt/comprar-casas/lisboa/arroios
campo de ourique,https://supercasa.pt/comprar-casas/lisboa/campo-de-ourique
estrela,https://supercasa.pt/comprar-casas/lisboa/estrela
alcantara,https://supercasa.pt/comprar-casas/lisboa/alcantara
ajuda,https://supercasa.pt/comprar-casas/lisboa/ajuda
belem,https://supercasa.pt/comprar-casas/lisboa/belem